<?xml version="1.0" encoding="UTF-8"?>
<root>
  <item name="android.app.ActionBar int getNavigationMode()">
    <annotation name="androidx.annotation.IntDef">
      <val name="value" val="{android.app.ActionBar.NAVIGATION_MODE_STANDARD, android.app.ActionBar.NAVIGATION_MODE_LIST, android.app.ActionBar.NAVIGATION_MODE_TABS}" />
    </annotation>
  </item>
  <item name="android.app.ActionBar void setCustomView(int) 0">
    <annotation name="androidx.annotation.LayoutRes"/>
  </item>
  <item name="android.app.ActionBar void setDisplayOptions(int) 0">
    <annotation name="androidx.annotation.IntDef">
      <val name="flag" val="true" />
      <val name="value" val="{android.app.ActionBar.DISPLAY_USE_LOGO, android.app.ActionBar.DISPLAY_SHOW_HOME, android.app.ActionBar.DISPLAY_HOME_AS_UP, android.app.ActionBar.DISPLAY_SHOW_TITLE, android.app.ActionBar.DISPLAY_SHOW_CUSTOM}" />
    </annotation>
  </item>
  <item name="android.app.ActionBar void setDisplayOptions(int, int) 0">
    <annotation name="androidx.annotation.IntDef">
      <val name="flag" val="true" />
      <val name="value" val="{android.app.ActionBar.DISPLAY_USE_LOGO, android.app.ActionBar.DISPLAY_SHOW_HOME, android.app.ActionBar.DISPLAY_HOME_AS_UP, android.app.ActionBar.DISPLAY_SHOW_TITLE, android.app.ActionBar.DISPLAY_SHOW_CUSTOM}" />
    </annotation>
  </item>
  <item name="android.app.ActionBar void setDisplayOptions(int, int) 1">
    <annotation name="androidx.annotation.IntDef">
      <val name="flag" val="true" />
      <val name="value" val="{android.app.ActionBar.DISPLAY_USE_LOGO, android.app.ActionBar.DISPLAY_SHOW_HOME, android.app.ActionBar.DISPLAY_HOME_AS_UP, android.app.ActionBar.DISPLAY_SHOW_TITLE, android.app.ActionBar.DISPLAY_SHOW_CUSTOM}" />
    </annotation>
  </item>
  <item name="android.app.ActionBar void setHomeActionContentDescription(int) 0">
    <annotation name="androidx.annotation.StringRes"/>
  </item>
  <item name="android.app.ActionBar void setHomeAsUpIndicator(int) 0">
    <annotation name="androidx.annotation.DrawableRes"/>
  </item>
  <item name="android.app.ActionBar void setIcon(int) 0">
    <annotation name="androidx.annotation.DrawableRes"/>
  </item>
  <item name="android.app.ActionBar void setLogo(int) 0">
    <annotation name="androidx.annotation.DrawableRes"/>
  </item>
  <item name="android.app.ActionBar void setNavigationMode(int) 0">
    <annotation name="androidx.annotation.IntDef">
      <val name="value" val="{android.app.ActionBar.NAVIGATION_MODE_STANDARD, android.app.ActionBar.NAVIGATION_MODE_LIST, android.app.ActionBar.NAVIGATION_MODE_TABS}" />
    </annotation>
  </item>
  <item name="android.app.ActionBar void setSubtitle(int) 0">
    <annotation name="androidx.annotation.StringRes"/>
  </item>
  <item name="android.app.ActionBar void setTitle(int) 0">
    <annotation name="androidx.annotation.StringRes"/>
  </item>
  <item name="android.app.ActionBar.Tab android.app.ActionBar.Tab setContentDescription(int) 0">
    <annotation name="androidx.annotation.StringRes"/>
  </item>
  <item name="android.app.ActionBar.Tab android.app.ActionBar.Tab setCustomView(int) 0">
    <annotation name="androidx.annotation.LayoutRes"/>
  </item>
  <item name="android.app.ActionBar.Tab android.app.ActionBar.Tab setIcon(int) 0">
    <annotation name="androidx.annotation.DrawableRes"/>
  </item>
  <item name="android.app.ActionBar.Tab android.app.ActionBar.Tab setText(int) 0">
    <annotation name="androidx.annotation.StringRes"/>
  </item>
  <item name="android.app.Activity T findViewById(int) 0">
    <annotation name="androidx.annotation.IdRes"/>
  </item>
  <item name="android.app.Activity T requireViewById(int) 0">
    <annotation name="androidx.annotation.IdRes"/>
  </item>
  <item name="android.app.Activity android.app.PendingIntent createPendingResult(int, android.content.Intent, int) 2">
    <annotation name="androidx.annotation.IntDef">
      <val name="flag" val="true" />
      <val name="value" val="{android.app.PendingIntent.FLAG_ONE_SHOT, android.app.PendingIntent.FLAG_NO_CREATE, android.app.PendingIntent.FLAG_CANCEL_CURRENT, android.app.PendingIntent.FLAG_UPDATE_CURRENT, android.app.PendingIntent.FLAG_IMMUTABLE, android.content.Intent.FILL_IN_ACTION, android.content.Intent.FILL_IN_DATA, android.content.Intent.FILL_IN_CATEGORIES, android.content.Intent.FILL_IN_COMPONENT, android.content.Intent.FILL_IN_PACKAGE, android.content.Intent.FILL_IN_SOURCE_BOUNDS, android.content.Intent.FILL_IN_SELECTOR, android.content.Intent.FILL_IN_CLIP_DATA}" />
    </annotation>
  </item>
  <item name="android.app.Activity android.content.SharedPreferences getPreferences(int) 0">
    <annotation name="androidx.annotation.IntDef">
      <val name="flag" val="true" />
      <val name="value" val="{android.content.Context.MODE_PRIVATE, android.content.Context.MODE_WORLD_READABLE, android.content.Context.MODE_WORLD_WRITEABLE, android.content.Context.MODE_MULTI_PROCESS}" />
    </annotation>
  </item>
  <item name="android.app.Activity boolean startActivityIfNeeded(android.content.Intent, int) 0">
    <annotation name="androidx.annotation.RequiresPermission"/>
  </item>
  <item name="android.app.Activity boolean startActivityIfNeeded(android.content.Intent, int, android.os.Bundle) 0">
    <annotation name="androidx.annotation.RequiresPermission"/>
  </item>
  <item name="android.app.Activity boolean startNextMatchingActivity(android.content.Intent) 0">
    <annotation name="androidx.annotation.RequiresPermission"/>
  </item>
  <item name="android.app.Activity boolean startNextMatchingActivity(android.content.Intent, android.os.Bundle) 0">
    <annotation name="androidx.annotation.RequiresPermission"/>
  </item>
  <item name="android.app.Activity int getRequestedOrientation()">
    <annotation name="androidx.annotation.IntDef">
      <val name="value" val="{android.content.pm.ActivityInfo.SCREEN_ORIENTATION_UNSPECIFIED, android.content.pm.ActivityInfo.SCREEN_ORIENTATION_LANDSCAPE, android.content.pm.ActivityInfo.SCREEN_ORIENTATION_PORTRAIT, android.content.pm.ActivityInfo.SCREEN_ORIENTATION_USER, android.content.pm.ActivityInfo.SCREEN_ORIENTATION_BEHIND, android.content.pm.ActivityInfo.SCREEN_ORIENTATION_SENSOR, android.content.pm.ActivityInfo.SCREEN_ORIENTATION_NOSENSOR, android.content.pm.ActivityInfo.SCREEN_ORIENTATION_SENSOR_LANDSCAPE, android.content.pm.ActivityInfo.SCREEN_ORIENTATION_SENSOR_PORTRAIT, android.content.pm.ActivityInfo.SCREEN_ORIENTATION_REVERSE_LANDSCAPE, android.content.pm.ActivityInfo.SCREEN_ORIENTATION_REVERSE_PORTRAIT, android.content.pm.ActivityInfo.SCREEN_ORIENTATION_FULL_SENSOR, android.content.pm.ActivityInfo.SCREEN_ORIENTATION_USER_LANDSCAPE, android.content.pm.ActivityInfo.SCREEN_ORIENTATION_USER_PORTRAIT, android.content.pm.ActivityInfo.SCREEN_ORIENTATION_FULL_USER, android.content.pm.ActivityInfo.SCREEN_ORIENTATION_LOCKED}" />
    </annotation>
  </item>
  <item name="android.app.Activity java.lang.Object getSystemService(java.lang.String) 0">
    <annotation name="androidx.annotation.StringDef">
      <val name="value" val="{android.content.Context.POWER_SERVICE, android.content.Context.WINDOW_SERVICE, android.content.Context.LAYOUT_INFLATER_SERVICE, android.content.Context.ACCOUNT_SERVICE, android.content.Context.ACTIVITY_SERVICE, android.content.Context.ALARM_SERVICE, android.content.Context.NOTIFICATION_SERVICE, android.content.Context.ACCESSIBILITY_SERVICE, android.content.Context.CAPTIONING_SERVICE, android.content.Context.KEYGUARD_SERVICE, android.content.Context.LOCATION_SERVICE, android.content.Context.SEARCH_SERVICE, android.content.Context.SENSOR_SERVICE, android.content.Context.STORAGE_SERVICE, android.content.Context.STORAGE_STATS_SERVICE, android.content.Context.WALLPAPER_SERVICE, android.content.Context.VIBRATOR_SERVICE, android.content.Context.CONNECTIVITY_SERVICE, android.content.Context.IPSEC_SERVICE, android.content.Context.NETWORK_STATS_SERVICE, android.content.Context.WIFI_SERVICE, android.content.Context.WIFI_AWARE_SERVICE, android.content.Context.WIFI_P2P_SERVICE, android.content.Context.WIFI_RTT_RANGING_SERVICE, android.content.Context.NSD_SERVICE, android.content.Context.AUDIO_SERVICE, android.content.Context.FINGERPRINT_SERVICE, android.content.Context.MEDIA_ROUTER_SERVICE, android.content.Context.TELEPHONY_SERVICE, android.content.Context.TELEPHONY_SUBSCRIPTION_SERVICE, android.content.Context.CARRIER_CONFIG_SERVICE, android.content.Context.EUICC_SERVICE, android.content.Context.TELECOM_SERVICE, android.content.Context.CLIPBOARD_SERVICE, android.content.Context.INPUT_METHOD_SERVICE, android.content.Context.TEXT_SERVICES_MANAGER_SERVICE, android.content.Context.TEXT_CLASSIFICATION_SERVICE, android.content.Context.APPWIDGET_SERVICE, android.content.Context.DROPBOX_SERVICE, android.content.Context.DEVICE_POLICY_SERVICE, android.content.Context.UI_MODE_SERVICE, android.content.Context.DOWNLOAD_SERVICE, android.content.Context.NFC_SERVICE, android.content.Context.BLUETOOTH_SERVICE, android.content.Context.USB_SERVICE, android.content.Context.LAUNCHER_APPS_SERVICE, android.content.Context.INPUT_SERVICE, android.content.Context.DISPLAY_SERVICE, android.content.Context.USER_SERVICE, android.content.Context.RESTRICTIONS_SERVICE, android.content.Context.APP_OPS_SERVICE, android.content.Context.CAMERA_SERVICE, android.content.Context.PRINT_SERVICE, android.content.Context.CONSUMER_IR_SERVICE, android.content.Context.TV_INPUT_SERVICE, android.content.Context.USAGE_STATS_SERVICE, android.content.Context.MEDIA_SESSION_SERVICE, android.content.Context.BATTERY_SERVICE, android.content.Context.JOB_SCHEDULER_SERVICE, android.content.Context.MEDIA_PROJECTION_SERVICE, android.content.Context.MIDI_SERVICE, android.content.Context.HARDWARE_PROPERTIES_SERVICE, android.content.Context.SHORTCUT_SERVICE, android.content.Context.SYSTEM_HEALTH_SERVICE, android.content.Context.COMPANION_DEVICE_SERVICE, android.content.Context.CROSS_PROFILE_APPS_SERVICE}" />
    </annotation>
  </item>
  <item name="android.app.Activity void onActionModeFinished(android.view.ActionMode)">
    <annotation name="androidx.annotation.CallSuper"/>
  </item>
  <item name="android.app.Activity void onActionModeStarted(android.view.ActionMode)">
    <annotation name="androidx.annotation.CallSuper"/>
  </item>
  <item name="android.app.Activity void onApplyThemeResource(android.content.res.Resources.Theme, int, boolean) 1">
    <annotation name="androidx.annotation.StyleRes"/>
  </item>
  <item name="android.app.Activity void onCreate(android.os.Bundle)">
    <annotation name="androidx.annotation.MainThread"/>
    <annotation name="androidx.annotation.CallSuper"/>
  </item>
  <item name="android.app.Activity void onDestroy()">
    <annotation name="androidx.annotation.CallSuper"/>
  </item>
  <item name="android.app.Activity void onPause()">
    <annotation name="androidx.annotation.CallSuper"/>
  </item>
  <item name="android.app.Activity void onPostCreate(android.os.Bundle)">
    <annotation name="androidx.annotation.CallSuper"/>
  </item>
  <item name="android.app.Activity void onPostResume()">
    <annotation name="androidx.annotation.CallSuper"/>
  </item>
  <item name="android.app.Activity void onRestart()">
    <annotation name="androidx.annotation.CallSuper"/>
  </item>
  <item name="android.app.Activity void onResume()">
    <annotation name="androidx.annotation.CallSuper"/>
  </item>
  <item name="android.app.Activity void onStart()">
    <annotation name="androidx.annotation.CallSuper"/>
  </item>
  <item name="android.app.Activity void onStop()">
    <annotation name="androidx.annotation.CallSuper"/>
  </item>
  <item name="android.app.Activity void onVisibleBehindCanceled()">
    <annotation name="androidx.annotation.CallSuper"/>
  </item>
  <item name="android.app.Activity void setContentView(int) 0">
    <annotation name="androidx.annotation.LayoutRes"/>
  </item>
  <item name="android.app.Activity void setDefaultKeyMode(int) 0">
    <annotation name="androidx.annotation.IntDef">
      <val name="value" val="{android.app.Activity.DEFAULT_KEYS_DISABLE, android.app.Activity.DEFAULT_KEYS_DIALER, android.app.Activity.DEFAULT_KEYS_SHORTCUT, android.app.Activity.DEFAULT_KEYS_SEARCH_LOCAL, android.app.Activity.DEFAULT_KEYS_SEARCH_GLOBAL}" />
    </annotation>
  </item>
  <item name="android.app.Activity void setFeatureDrawableResource(int, int) 1">
    <annotation name="androidx.annotation.DrawableRes"/>
  </item>
  <item name="android.app.Activity void setRequestedOrientation(int) 0">
    <annotation name="androidx.annotation.IntDef">
      <val name="value" val="{android.content.pm.ActivityInfo.SCREEN_ORIENTATION_UNSPECIFIED, android.content.pm.ActivityInfo.SCREEN_ORIENTATION_LANDSCAPE, android.content.pm.ActivityInfo.SCREEN_ORIENTATION_PORTRAIT, android.content.pm.ActivityInfo.SCREEN_ORIENTATION_USER, android.content.pm.ActivityInfo.SCREEN_ORIENTATION_BEHIND, android.content.pm.ActivityInfo.SCREEN_ORIENTATION_SENSOR, android.content.pm.ActivityInfo.SCREEN_ORIENTATION_NOSENSOR, android.content.pm.ActivityInfo.SCREEN_ORIENTATION_SENSOR_LANDSCAPE, android.content.pm.ActivityInfo.SCREEN_ORIENTATION_SENSOR_PORTRAIT, android.content.pm.ActivityInfo.SCREEN_ORIENTATION_REVERSE_LANDSCAPE, android.content.pm.ActivityInfo.SCREEN_ORIENTATION_REVERSE_PORTRAIT, android.content.pm.ActivityInfo.SCREEN_ORIENTATION_FULL_SENSOR, android.content.pm.ActivityInfo.SCREEN_ORIENTATION_USER_LANDSCAPE, android.content.pm.ActivityInfo.SCREEN_ORIENTATION_USER_PORTRAIT, android.content.pm.ActivityInfo.SCREEN_ORIENTATION_FULL_USER, android.content.pm.ActivityInfo.SCREEN_ORIENTATION_LOCKED}" />
    </annotation>
  </item>
  <item name="android.app.Activity void startActivityForResult(android.content.Intent, int) 0">
    <annotation name="androidx.annotation.RequiresPermission"/>
  </item>
  <item name="android.app.Activity void startActivityForResult(android.content.Intent, int, android.os.Bundle) 0">
    <annotation name="androidx.annotation.RequiresPermission"/>
  </item>
  <item name="android.app.Activity void startActivityFromChild(android.app.Activity, android.content.Intent, int) 1">
    <annotation name="androidx.annotation.RequiresPermission"/>
  </item>
  <item name="android.app.Activity void startActivityFromChild(android.app.Activity, android.content.Intent, int, android.os.Bundle) 1">
    <annotation name="androidx.annotation.RequiresPermission"/>
  </item>
  <item name="android.app.Activity void startActivityFromFragment(android.app.Fragment, android.content.Intent, int) 1">
    <annotation name="androidx.annotation.RequiresPermission"/>
  </item>
  <item name="android.app.Activity void startActivityFromFragment(android.app.Fragment, android.content.Intent, int, android.os.Bundle) 1">
    <annotation name="androidx.annotation.RequiresPermission"/>
  </item>
  <item name="android.app.ActivityManager void dumpPackageState(java.io.FileDescriptor, java.lang.String)">
    <annotation name="androidx.annotation.RequiresPermission">
      <val name="value" val="&quot;android.permission.DUMP&quot;" />
    </annotation>
  </item>
  <item name="android.app.ActivityManager void killBackgroundProcesses(java.lang.String)">
    <annotation name="androidx.annotation.RequiresPermission">
      <val name="value" val="&quot;android.permission.KILL_BACKGROUND_PROCESSES&quot;" />
    </annotation>
  </item>
  <item name="android.app.ActivityManager void moveTaskToFront(int, int)">
    <annotation name="androidx.annotation.RequiresPermission">
      <val name="value" val="&quot;android.permission.REORDER_TASKS&quot;" />
    </annotation>
  </item>
  <item name="android.app.ActivityManager void moveTaskToFront(int, int) 1">
    <annotation name="androidx.annotation.IntDef">
      <val name="flag" val="true" />
      <val name="value" val="{android.app.ActivityManager.MOVE_TASK_WITH_HOME, android.app.ActivityManager.MOVE_TASK_NO_USER_ACTION}" />
    </annotation>
  </item>
  <item name="android.app.ActivityManager void moveTaskToFront(int, int, android.os.Bundle)">
    <annotation name="androidx.annotation.RequiresPermission">
      <val name="value" val="&quot;android.permission.REORDER_TASKS&quot;" />
    </annotation>
  </item>
  <item name="android.app.ActivityManager void moveTaskToFront(int, int, android.os.Bundle) 1">
    <annotation name="androidx.annotation.IntDef">
      <val name="flag" val="true" />
      <val name="value" val="{android.app.ActivityManager.MOVE_TASK_WITH_HOME, android.app.ActivityManager.MOVE_TASK_NO_USER_ACTION}" />
    </annotation>
  </item>
  <item name="android.app.ActivityManager.RunningAppProcessInfo importance">
    <annotation name="androidx.annotation.IntDef">
      <val name="value" val="{android.app.ActivityManager.RunningAppProcessInfo.IMPORTANCE_FOREGROUND, android.app.ActivityManager.RunningAppProcessInfo.IMPORTANCE_FOREGROUND_SERVICE, android.app.ActivityManager.RunningAppProcessInfo.IMPORTANCE_TOP_SLEEPING, android.app.ActivityManager.RunningAppProcessInfo.IMPORTANCE_VISIBLE, android.app.ActivityManager.RunningAppProcessInfo.IMPORTANCE_PERCEPTIBLE, android.app.ActivityManager.RunningAppProcessInfo.IMPORTANCE_CANT_SAVE_STATE, android.app.ActivityManager.RunningAppProcessInfo.IMPORTANCE_SERVICE, android.app.ActivityManager.RunningAppProcessInfo.IMPORTANCE_CACHED, android.app.ActivityManager.RunningAppProcessInfo.IMPORTANCE_GONE}" />
    </annotation>
  </item>
  <item name="android.app.ActivityManager.TaskDescription TaskDescription(java.lang.String, int) 1">
    <annotation name="androidx.annotation.DrawableRes"/>
  </item>
  <item name="android.app.ActivityManager.TaskDescription TaskDescription(java.lang.String, int, int) 1">
    <annotation name="androidx.annotation.DrawableRes"/>
  </item>
  <item name="android.app.AlarmManager void set(int, long, android.app.PendingIntent) 0">
    <annotation name="androidx.annotation.IntDef">
      <val name="value" val="{android.app.AlarmManager.RTC_WAKEUP, android.app.AlarmManager.RTC, android.app.AlarmManager.ELAPSED_REALTIME_WAKEUP, android.app.AlarmManager.ELAPSED_REALTIME}" />
    </annotation>
  </item>
  <item name="android.app.AlarmManager void set(int, long, java.lang.String, android.app.AlarmManager.OnAlarmListener, android.os.Handler) 0">
    <annotation name="androidx.annotation.IntDef">
      <val name="value" val="{android.app.AlarmManager.RTC_WAKEUP, android.app.AlarmManager.RTC, android.app.AlarmManager.ELAPSED_REALTIME_WAKEUP, android.app.AlarmManager.ELAPSED_REALTIME}" />
    </annotation>
  </item>
  <item name="android.app.AlarmManager void setAndAllowWhileIdle(int, long, android.app.PendingIntent) 0">
    <annotation name="androidx.annotation.IntDef">
      <val name="value" val="{android.app.AlarmManager.RTC_WAKEUP, android.app.AlarmManager.RTC, android.app.AlarmManager.ELAPSED_REALTIME_WAKEUP, android.app.AlarmManager.ELAPSED_REALTIME}" />
    </annotation>
  </item>
  <item name="android.app.AlarmManager void setExact(int, long, android.app.PendingIntent) 0">
    <annotation name="androidx.annotation.IntDef">
      <val name="value" val="{android.app.AlarmManager.RTC_WAKEUP, android.app.AlarmManager.RTC, android.app.AlarmManager.ELAPSED_REALTIME_WAKEUP, android.app.AlarmManager.ELAPSED_REALTIME}" />
    </annotation>
  </item>
  <item name="android.app.AlarmManager void setExact(int, long, java.lang.String, android.app.AlarmManager.OnAlarmListener, android.os.Handler) 0">
    <annotation name="androidx.annotation.IntDef">
      <val name="value" val="{android.app.AlarmManager.RTC_WAKEUP, android.app.AlarmManager.RTC, android.app.AlarmManager.ELAPSED_REALTIME_WAKEUP, android.app.AlarmManager.ELAPSED_REALTIME}" />
    </annotation>
  </item>
  <item name="android.app.AlarmManager void setExactAndAllowWhileIdle(int, long, android.app.PendingIntent) 0">
    <annotation name="androidx.annotation.IntDef">
      <val name="value" val="{android.app.AlarmManager.RTC_WAKEUP, android.app.AlarmManager.RTC, android.app.AlarmManager.ELAPSED_REALTIME_WAKEUP, android.app.AlarmManager.ELAPSED_REALTIME}" />
    </annotation>
  </item>
  <item name="android.app.AlarmManager void setInexactRepeating(int, long, long, android.app.PendingIntent) 0">
    <annotation name="androidx.annotation.IntDef">
      <val name="value" val="{android.app.AlarmManager.RTC_WAKEUP, android.app.AlarmManager.RTC, android.app.AlarmManager.ELAPSED_REALTIME_WAKEUP, android.app.AlarmManager.ELAPSED_REALTIME}" />
    </annotation>
  </item>
  <item name="android.app.AlarmManager void setRepeating(int, long, long, android.app.PendingIntent) 0">
    <annotation name="androidx.annotation.IntDef">
      <val name="value" val="{android.app.AlarmManager.RTC_WAKEUP, android.app.AlarmManager.RTC, android.app.AlarmManager.ELAPSED_REALTIME_WAKEUP, android.app.AlarmManager.ELAPSED_REALTIME}" />
    </annotation>
  </item>
  <item name="android.app.AlarmManager void setWindow(int, long, long, android.app.PendingIntent) 0">
    <annotation name="androidx.annotation.IntDef">
      <val name="value" val="{android.app.AlarmManager.RTC_WAKEUP, android.app.AlarmManager.RTC, android.app.AlarmManager.ELAPSED_REALTIME_WAKEUP, android.app.AlarmManager.ELAPSED_REALTIME}" />
    </annotation>
  </item>
  <item name="android.app.AlarmManager void setWindow(int, long, long, java.lang.String, android.app.AlarmManager.OnAlarmListener, android.os.Handler) 0">
    <annotation name="androidx.annotation.IntDef">
      <val name="value" val="{android.app.AlarmManager.RTC_WAKEUP, android.app.AlarmManager.RTC, android.app.AlarmManager.ELAPSED_REALTIME_WAKEUP, android.app.AlarmManager.ELAPSED_REALTIME}" />
    </annotation>
  </item>
  <item name="android.app.AlertDialog AlertDialog(android.content.Context, int) 1">
    <annotation name="androidx.annotation.StyleRes"/>
  </item>
  <item name="android.app.AlertDialog void setIcon(int) 0">
    <annotation name="androidx.annotation.DrawableRes"/>
  </item>
  <item name="android.app.AlertDialog void setIconAttribute(int) 0">
    <annotation name="androidx.annotation.AttrRes"/>
  </item>
  <item name="android.app.AlertDialog.Builder android.app.AlertDialog.Builder setIcon(int) 0">
    <annotation name="androidx.annotation.DrawableRes"/>
  </item>
  <item name="android.app.AlertDialog.Builder android.app.AlertDialog.Builder setIconAttribute(int) 0">
    <annotation name="androidx.annotation.AttrRes"/>
  </item>
  <item name="android.app.AlertDialog.Builder android.app.AlertDialog.Builder setItems(int, android.content.DialogInterface.OnClickListener) 0">
    <annotation name="androidx.annotation.ArrayRes"/>
  </item>
  <item name="android.app.AlertDialog.Builder android.app.AlertDialog.Builder setMessage(int) 0">
    <annotation name="androidx.annotation.StringRes"/>
  </item>
  <item name="android.app.AlertDialog.Builder android.app.AlertDialog.Builder setMultiChoiceItems(int, boolean[], android.content.DialogInterface.OnMultiChoiceClickListener) 0">
    <annotation name="androidx.annotation.ArrayRes"/>
  </item>
  <item name="android.app.AlertDialog.Builder android.app.AlertDialog.Builder setNegativeButton(int, android.content.DialogInterface.OnClickListener) 0">
    <annotation name="androidx.annotation.StringRes"/>
  </item>
  <item name="android.app.AlertDialog.Builder android.app.AlertDialog.Builder setNeutralButton(int, android.content.DialogInterface.OnClickListener) 0">
    <annotation name="androidx.annotation.StringRes"/>
  </item>
  <item name="android.app.AlertDialog.Builder android.app.AlertDialog.Builder setPositiveButton(int, android.content.DialogInterface.OnClickListener) 0">
    <annotation name="androidx.annotation.StringRes"/>
  </item>
  <item name="android.app.AlertDialog.Builder android.app.AlertDialog.Builder setSingleChoiceItems(int, int, android.content.DialogInterface.OnClickListener) 0">
    <annotation name="androidx.annotation.ArrayRes"/>
  </item>
  <item name="android.app.AlertDialog.Builder android.app.AlertDialog.Builder setTitle(int) 0">
    <annotation name="androidx.annotation.StringRes"/>
  </item>
  <item name="android.app.Application void onConfigurationChanged(android.content.res.Configuration)">
    <annotation name="androidx.annotation.CallSuper"/>
  </item>
  <item name="android.app.Application void onCreate()">
    <annotation name="androidx.annotation.CallSuper"/>
  </item>
  <item name="android.app.Application void onLowMemory()">
    <annotation name="androidx.annotation.CallSuper"/>
  </item>
  <item name="android.app.Application void onTerminate()">
    <annotation name="androidx.annotation.CallSuper"/>
  </item>
  <item name="android.app.Application void onTrimMemory(int)">
    <annotation name="androidx.annotation.CallSuper"/>
  </item>
  <item name="android.app.AutomaticZenRule void setInterruptionFilter(int) 0">
    <annotation name="androidx.annotation.IntDef">
      <val name="value" val="{android.app.NotificationManager.INTERRUPTION_FILTER_NONE, android.app.NotificationManager.INTERRUPTION_FILTER_PRIORITY, android.app.NotificationManager.INTERRUPTION_FILTER_ALARMS, android.app.NotificationManager.INTERRUPTION_FILTER_ALL, android.app.NotificationManager.INTERRUPTION_FILTER_UNKNOWN}" />
    </annotation>
  </item>
  <item name="android.app.DatePickerDialog DatePickerDialog(android.content.Context, int) 1">
    <annotation name="androidx.annotation.StyleRes"/>
  </item>
  <item name="android.app.DatePickerDialog DatePickerDialog(android.content.Context, int, android.app.DatePickerDialog.OnDateSetListener, int, int, int) 1">
    <annotation name="androidx.annotation.StyleRes"/>
  </item>
  <item name="android.app.Dialog Dialog(android.content.Context, int) 1">
    <annotation name="androidx.annotation.StyleRes"/>
  </item>
  <item name="android.app.Dialog T findViewById(int) 0">
    <annotation name="androidx.annotation.IdRes"/>
  </item>
  <item name="android.app.Dialog T requireViewById(int) 0">
    <annotation name="androidx.annotation.IdRes"/>
  </item>
  <item name="android.app.Dialog void onActionModeFinished(android.view.ActionMode)">
    <annotation name="androidx.annotation.CallSuper"/>
  </item>
  <item name="android.app.Dialog void onActionModeStarted(android.view.ActionMode)">
    <annotation name="androidx.annotation.CallSuper"/>
  </item>
  <item name="android.app.Dialog void setContentView(int) 0">
    <annotation name="androidx.annotation.LayoutRes"/>
  </item>
  <item name="android.app.Dialog void setFeatureDrawableResource(int, int) 1">
    <annotation name="androidx.annotation.DrawableRes"/>
  </item>
  <item name="android.app.Dialog void setTitle(int) 0">
    <annotation name="androidx.annotation.StringRes"/>
  </item>
  <item name="android.app.Fragment java.lang.CharSequence getText(int) 0">
    <annotation name="androidx.annotation.StringRes"/>
  </item>
  <item name="android.app.Fragment java.lang.String getString(int) 0">
    <annotation name="androidx.annotation.StringRes"/>
  </item>
  <item name="android.app.Fragment java.lang.String getString(int, java.lang.Object...) 0">
    <annotation name="androidx.annotation.StringRes"/>
  </item>
  <item name="android.app.Fragment void onActivityCreated(android.os.Bundle)">
    <annotation name="androidx.annotation.CallSuper"/>
  </item>
  <item name="android.app.Fragment void onAttach(android.app.Activity)">
    <annotation name="androidx.annotation.CallSuper"/>
  </item>
  <item name="android.app.Fragment void onAttach(android.content.Context)">
    <annotation name="androidx.annotation.CallSuper"/>
  </item>
  <item name="android.app.Fragment void onConfigurationChanged(android.content.res.Configuration)">
    <annotation name="androidx.annotation.CallSuper"/>
  </item>
  <item name="android.app.Fragment void onCreate(android.os.Bundle)">
    <annotation name="androidx.annotation.CallSuper"/>
  </item>
  <item name="android.app.Fragment void onDestroy()">
    <annotation name="androidx.annotation.CallSuper"/>
  </item>
  <item name="android.app.Fragment void onDestroyView()">
    <annotation name="androidx.annotation.CallSuper"/>
  </item>
  <item name="android.app.Fragment void onDetach()">
    <annotation name="androidx.annotation.CallSuper"/>
  </item>
  <item name="android.app.Fragment void onInflate(android.app.Activity, android.util.AttributeSet, android.os.Bundle)">
    <annotation name="androidx.annotation.CallSuper"/>
  </item>
  <item name="android.app.Fragment void onInflate(android.content.Context, android.util.AttributeSet, android.os.Bundle)">
    <annotation name="androidx.annotation.CallSuper"/>
  </item>
  <item name="android.app.Fragment void onInflate(android.util.AttributeSet, android.os.Bundle)">
    <annotation name="androidx.annotation.CallSuper"/>
  </item>
  <item name="android.app.Fragment void onLowMemory()">
    <annotation name="androidx.annotation.CallSuper"/>
  </item>
  <item name="android.app.Fragment void onPause()">
    <annotation name="androidx.annotation.CallSuper"/>
  </item>
  <item name="android.app.Fragment void onResume()">
    <annotation name="androidx.annotation.CallSuper"/>
  </item>
  <item name="android.app.Fragment void onStart()">
    <annotation name="androidx.annotation.CallSuper"/>
  </item>
  <item name="android.app.Fragment void onStop()">
    <annotation name="androidx.annotation.CallSuper"/>
  </item>
  <item name="android.app.Fragment void onTrimMemory(int)">
    <annotation name="androidx.annotation.CallSuper"/>
  </item>
  <item name="android.app.Fragment void onViewStateRestored(android.os.Bundle)">
    <annotation name="androidx.annotation.CallSuper"/>
  </item>
  <item name="android.app.FragmentContainer T onFindViewById(int) 0">
    <annotation name="androidx.annotation.IdRes"/>
  </item>
  <item name="android.app.FragmentTransaction android.app.FragmentTransaction add(int, android.app.Fragment) 0">
    <annotation name="androidx.annotation.IdRes"/>
  </item>
  <item name="android.app.FragmentTransaction android.app.FragmentTransaction add(int, android.app.Fragment, java.lang.String) 0">
    <annotation name="androidx.annotation.IdRes"/>
  </item>
  <item name="android.app.FragmentTransaction android.app.FragmentTransaction replace(int, android.app.Fragment) 0">
    <annotation name="androidx.annotation.IdRes"/>
  </item>
  <item name="android.app.FragmentTransaction android.app.FragmentTransaction replace(int, android.app.Fragment, java.lang.String) 0">
    <annotation name="androidx.annotation.IdRes"/>
  </item>
  <item name="android.app.FragmentTransaction android.app.FragmentTransaction setBreadCrumbShortTitle(int) 0">
    <annotation name="androidx.annotation.StringRes"/>
  </item>
  <item name="android.app.FragmentTransaction android.app.FragmentTransaction setBreadCrumbTitle(int) 0">
    <annotation name="androidx.annotation.StringRes"/>
  </item>
  <item name="android.app.FragmentTransaction android.app.FragmentTransaction setCustomAnimations(int, int) 0">
    <annotation name="androidx.annotation.AnimatorRes"/>
  </item>
  <item name="android.app.FragmentTransaction android.app.FragmentTransaction setCustomAnimations(int, int) 1">
    <annotation name="androidx.annotation.AnimatorRes"/>
  </item>
  <item name="android.app.FragmentTransaction android.app.FragmentTransaction setCustomAnimations(int, int, int, int) 0">
    <annotation name="androidx.annotation.AnimatorRes"/>
  </item>
  <item name="android.app.FragmentTransaction android.app.FragmentTransaction setCustomAnimations(int, int, int, int) 1">
    <annotation name="androidx.annotation.AnimatorRes"/>
  </item>
  <item name="android.app.FragmentTransaction android.app.FragmentTransaction setCustomAnimations(int, int, int, int) 2">
    <annotation name="androidx.annotation.AnimatorRes"/>
  </item>
  <item name="android.app.FragmentTransaction android.app.FragmentTransaction setCustomAnimations(int, int, int, int) 3">
    <annotation name="androidx.annotation.AnimatorRes"/>
  </item>
  <item name="android.app.FragmentTransaction android.app.FragmentTransaction setTransition(int) 0">
    <annotation name="androidx.annotation.IntDef">
      <val name="value" val="{android.app.FragmentTransaction.TRANSIT_NONE, android.app.FragmentTransaction.TRANSIT_FRAGMENT_OPEN, android.app.FragmentTransaction.TRANSIT_FRAGMENT_CLOSE, android.app.FragmentTransaction.TRANSIT_FRAGMENT_FADE}" />
    </annotation>
  </item>
  <item name="android.app.FragmentTransaction android.app.FragmentTransaction setTransitionStyle(int) 0">
    <annotation name="androidx.annotation.StyleRes"/>
  </item>
  <item name="android.app.Instrumentation android.app.UiAutomation getUiAutomation(int) 0">
    <annotation name="androidx.annotation.IntDef">
      <val name="value" val="{0, android.app.UiAutomation.FLAG_DONT_SUPPRESS_ACCESSIBILITY_SERVICES}" />
    </annotation>
  </item>
  <item name="android.app.IntentService void onHandleIntent(android.content.Intent)">
    <annotation name="androidx.annotation.WorkerThread"/>
  </item>
  <item name="android.app.KeyguardManager void exitKeyguardSecurely(android.app.KeyguardManager.OnKeyguardExitResult)">
    <annotation name="androidx.annotation.RequiresPermission">
      <val name="value" val="&quot;android.permission.DISABLE_KEYGUARD&quot;" />
    </annotation>
  </item>
  <item name="android.app.KeyguardManager.KeyguardLock void disableKeyguard()">
    <annotation name="androidx.annotation.RequiresPermission">
      <val name="value" val="&quot;android.permission.DISABLE_KEYGUARD&quot;" />
    </annotation>
  </item>
  <item name="android.app.KeyguardManager.KeyguardLock void reenableKeyguard()">
    <annotation name="androidx.annotation.RequiresPermission">
      <val name="value" val="&quot;android.permission.DISABLE_KEYGUARD&quot;" />
    </annotation>
  </item>
  <item name="android.app.Notification COLOR_DEFAULT">
    <annotation name="androidx.annotation.ColorInt"/>
  </item>
  <item name="android.app.Notification color">
    <annotation name="androidx.annotation.ColorInt"/>
  </item>
  <item name="android.app.Notification icon">
    <annotation name="androidx.annotation.DrawableRes"/>
  </item>
  <item name="android.app.Notification int getGroupAlertBehavior()">
    <annotation name="androidx.annotation.IntDef">
      <val name="value" val="{android.app.Notification.GROUP_ALERT_ALL, android.app.Notification.GROUP_ALERT_CHILDREN, android.app.Notification.GROUP_ALERT_SUMMARY}" />
    </annotation>
  </item>
  <item name="android.app.Notification ledARGB">
    <annotation name="androidx.annotation.ColorInt"/>
  </item>
  <item name="android.app.Notification priority">
    <annotation name="androidx.annotation.IntDef">
      <val name="value" val="{android.app.Notification.PRIORITY_DEFAULT, android.app.Notification.PRIORITY_LOW, android.app.Notification.PRIORITY_MIN, android.app.Notification.PRIORITY_HIGH, android.app.Notification.PRIORITY_MAX}" />
    </annotation>
  </item>
  <item name="android.app.Notification visibility">
    <annotation name="androidx.annotation.IntDef">
      <val name="value" val="{android.app.Notification.VISIBILITY_PUBLIC, android.app.Notification.VISIBILITY_PRIVATE, android.app.Notification.VISIBILITY_SECRET}" />
    </annotation>
  </item>
  <item name="android.app.Notification.Action int getSemanticAction()">
    <annotation name="androidx.annotation.IntDef">
      <val name="value" val="{android.app.Notification.Action.SEMANTIC_ACTION_NONE, android.app.Notification.Action.SEMANTIC_ACTION_REPLY, android.app.Notification.Action.SEMANTIC_ACTION_MARK_AS_READ, android.app.Notification.Action.SEMANTIC_ACTION_MARK_AS_UNREAD, android.app.Notification.Action.SEMANTIC_ACTION_DELETE, android.app.Notification.Action.SEMANTIC_ACTION_ARCHIVE, android.app.Notification.Action.SEMANTIC_ACTION_MUTE, android.app.Notification.Action.SEMANTIC_ACTION_UNMUTE, android.app.Notification.Action.SEMANTIC_ACTION_THUMBS_UP, android.app.Notification.Action.SEMANTIC_ACTION_THUMBS_DOWN, android.app.Notification.Action.SEMANTIC_ACTION_CALL}" />
    </annotation>
  </item>
  <item name="android.app.Notification.Action.Builder android.app.Notification.Action.Builder setSemanticAction(int) 0">
    <annotation name="androidx.annotation.IntDef">
      <val name="value" val="{android.app.Notification.Action.SEMANTIC_ACTION_NONE, android.app.Notification.Action.SEMANTIC_ACTION_REPLY, android.app.Notification.Action.SEMANTIC_ACTION_MARK_AS_READ, android.app.Notification.Action.SEMANTIC_ACTION_MARK_AS_UNREAD, android.app.Notification.Action.SEMANTIC_ACTION_DELETE, android.app.Notification.Action.SEMANTIC_ACTION_ARCHIVE, android.app.Notification.Action.SEMANTIC_ACTION_MUTE, android.app.Notification.Action.SEMANTIC_ACTION_UNMUTE, android.app.Notification.Action.SEMANTIC_ACTION_THUMBS_UP, android.app.Notification.Action.SEMANTIC_ACTION_THUMBS_DOWN, android.app.Notification.Action.SEMANTIC_ACTION_CALL}" />
    </annotation>
  </item>
  <item name="android.app.Notification.Builder android.app.Notification.Builder setColor(int) 0">
    <annotation name="androidx.annotation.ColorInt"/>
  </item>
  <item name="android.app.Notification.Builder android.app.Notification.Builder setGroupAlertBehavior(int) 0">
    <annotation name="androidx.annotation.IntDef">
      <val name="value" val="{android.app.Notification.GROUP_ALERT_ALL, android.app.Notification.GROUP_ALERT_CHILDREN, android.app.Notification.GROUP_ALERT_SUMMARY}" />
    </annotation>
  </item>
  <item name="android.app.Notification.Builder android.app.Notification.Builder setLights(int, int, int) 0">
    <annotation name="androidx.annotation.ColorInt"/>
  </item>
  <item name="android.app.Notification.Builder android.app.Notification.Builder setPriority(int) 0">
    <annotation name="androidx.annotation.IntDef">
      <val name="value" val="{android.app.Notification.PRIORITY_DEFAULT, android.app.Notification.PRIORITY_LOW, android.app.Notification.PRIORITY_MIN, android.app.Notification.PRIORITY_HIGH, android.app.Notification.PRIORITY_MAX}" />
    </annotation>
  </item>
  <item name="android.app.Notification.Builder android.app.Notification.Builder setSmallIcon(int) 0">
    <annotation name="androidx.annotation.DrawableRes"/>
  </item>
  <item name="android.app.Notification.Builder android.app.Notification.Builder setSmallIcon(int, int) 0">
    <annotation name="androidx.annotation.DrawableRes"/>
  </item>
  <item name="android.app.Notification.Builder android.app.Notification.Builder setVisibility(int) 0">
    <annotation name="androidx.annotation.IntDef">
      <val name="value" val="{android.app.Notification.VISIBILITY_PUBLIC, android.app.Notification.VISIBILITY_PRIVATE, android.app.Notification.VISIBILITY_SECRET}" />
    </annotation>
  </item>
  <item name="android.app.Notification.CarExtender android.app.Notification.CarExtender setColor(int) 0">
    <annotation name="androidx.annotation.ColorInt"/>
  </item>
  <item name="android.app.Notification.CarExtender int getColor()">
    <annotation name="androidx.annotation.ColorInt"/>
  </item>
  <item name="android.app.NotificationChannel NotificationChannel(java.lang.String, java.lang.CharSequence, int) 2">
    <annotation name="androidx.annotation.IntDef">
      <val name="value" val="{android.app.NotificationManager.IMPORTANCE_UNSPECIFIED, android.app.NotificationManager.IMPORTANCE_NONE, android.app.NotificationManager.IMPORTANCE_MIN, android.app.NotificationManager.IMPORTANCE_LOW, android.app.NotificationManager.IMPORTANCE_DEFAULT, android.app.NotificationManager.IMPORTANCE_HIGH}" />
    </annotation>
  </item>
  <item name="android.app.NotificationChannel void setImportance(int) 0">
    <annotation name="androidx.annotation.IntDef">
      <val name="value" val="{android.app.NotificationManager.IMPORTANCE_UNSPECIFIED, android.app.NotificationManager.IMPORTANCE_NONE, android.app.NotificationManager.IMPORTANCE_MIN, android.app.NotificationManager.IMPORTANCE_LOW, android.app.NotificationManager.IMPORTANCE_DEFAULT, android.app.NotificationManager.IMPORTANCE_HIGH}" />
    </annotation>
  </item>
  <item name="android.app.NotificationManager int getCurrentInterruptionFilter()">
    <annotation name="androidx.annotation.IntDef">
      <val name="value" val="{android.app.NotificationManager.INTERRUPTION_FILTER_NONE, android.app.NotificationManager.INTERRUPTION_FILTER_PRIORITY, android.app.NotificationManager.INTERRUPTION_FILTER_ALARMS, android.app.NotificationManager.INTERRUPTION_FILTER_ALL, android.app.NotificationManager.INTERRUPTION_FILTER_UNKNOWN}" />
    </annotation>
  </item>
  <item name="android.app.NotificationManager int getImportance()">
    <annotation name="androidx.annotation.IntDef">
      <val name="value" val="{android.app.NotificationManager.IMPORTANCE_UNSPECIFIED, android.app.NotificationManager.IMPORTANCE_NONE, android.app.NotificationManager.IMPORTANCE_MIN, android.app.NotificationManager.IMPORTANCE_LOW, android.app.NotificationManager.IMPORTANCE_DEFAULT, android.app.NotificationManager.IMPORTANCE_HIGH}" />
    </annotation>
  </item>
  <item name="android.app.NotificationManager void setInterruptionFilter(int) 0">
    <annotation name="androidx.annotation.IntDef">
      <val name="value" val="{android.app.NotificationManager.INTERRUPTION_FILTER_NONE, android.app.NotificationManager.INTERRUPTION_FILTER_PRIORITY, android.app.NotificationManager.INTERRUPTION_FILTER_ALARMS, android.app.NotificationManager.INTERRUPTION_FILTER_ALL, android.app.NotificationManager.INTERRUPTION_FILTER_UNKNOWN}" />
    </annotation>
  </item>
  <item name="android.app.PendingIntent android.app.PendingIntent getActivities(android.content.Context, int, android.content.Intent[], int) 3">
    <annotation name="androidx.annotation.IntDef">
      <val name="flag" val="true" />
      <val name="value" val="{android.app.PendingIntent.FLAG_ONE_SHOT, android.app.PendingIntent.FLAG_NO_CREATE, android.app.PendingIntent.FLAG_CANCEL_CURRENT, android.app.PendingIntent.FLAG_UPDATE_CURRENT, android.app.PendingIntent.FLAG_IMMUTABLE, android.content.Intent.FILL_IN_ACTION, android.content.Intent.FILL_IN_DATA, android.content.Intent.FILL_IN_CATEGORIES, android.content.Intent.FILL_IN_COMPONENT, android.content.Intent.FILL_IN_PACKAGE, android.content.Intent.FILL_IN_SOURCE_BOUNDS, android.content.Intent.FILL_IN_SELECTOR, android.content.Intent.FILL_IN_CLIP_DATA}" />
    </annotation>
  </item>
  <item name="android.app.PendingIntent android.app.PendingIntent getActivities(android.content.Context, int, android.content.Intent[], int, android.os.Bundle) 3">
    <annotation name="androidx.annotation.IntDef">
      <val name="flag" val="true" />
      <val name="value" val="{android.app.PendingIntent.FLAG_ONE_SHOT, android.app.PendingIntent.FLAG_NO_CREATE, android.app.PendingIntent.FLAG_CANCEL_CURRENT, android.app.PendingIntent.FLAG_UPDATE_CURRENT, android.app.PendingIntent.FLAG_IMMUTABLE, android.content.Intent.FILL_IN_ACTION, android.content.Intent.FILL_IN_DATA, android.content.Intent.FILL_IN_CATEGORIES, android.content.Intent.FILL_IN_COMPONENT, android.content.Intent.FILL_IN_PACKAGE, android.content.Intent.FILL_IN_SOURCE_BOUNDS, android.content.Intent.FILL_IN_SELECTOR, android.content.Intent.FILL_IN_CLIP_DATA}" />
    </annotation>
  </item>
  <item name="android.app.PendingIntent android.app.PendingIntent getActivity(android.content.Context, int, android.content.Intent, int) 3">
    <annotation name="androidx.annotation.IntDef">
      <val name="flag" val="true" />
      <val name="value" val="{android.app.PendingIntent.FLAG_ONE_SHOT, android.app.PendingIntent.FLAG_NO_CREATE, android.app.PendingIntent.FLAG_CANCEL_CURRENT, android.app.PendingIntent.FLAG_UPDATE_CURRENT, android.app.PendingIntent.FLAG_IMMUTABLE, android.content.Intent.FILL_IN_ACTION, android.content.Intent.FILL_IN_DATA, android.content.Intent.FILL_IN_CATEGORIES, android.content.Intent.FILL_IN_COMPONENT, android.content.Intent.FILL_IN_PACKAGE, android.content.Intent.FILL_IN_SOURCE_BOUNDS, android.content.Intent.FILL_IN_SELECTOR, android.content.Intent.FILL_IN_CLIP_DATA}" />
    </annotation>
  </item>
  <item name="android.app.PendingIntent android.app.PendingIntent getActivity(android.content.Context, int, android.content.Intent, int, android.os.Bundle) 3">
    <annotation name="androidx.annotation.IntDef">
      <val name="flag" val="true" />
      <val name="value" val="{android.app.PendingIntent.FLAG_ONE_SHOT, android.app.PendingIntent.FLAG_NO_CREATE, android.app.PendingIntent.FLAG_CANCEL_CURRENT, android.app.PendingIntent.FLAG_UPDATE_CURRENT, android.app.PendingIntent.FLAG_IMMUTABLE, android.content.Intent.FILL_IN_ACTION, android.content.Intent.FILL_IN_DATA, android.content.Intent.FILL_IN_CATEGORIES, android.content.Intent.FILL_IN_COMPONENT, android.content.Intent.FILL_IN_PACKAGE, android.content.Intent.FILL_IN_SOURCE_BOUNDS, android.content.Intent.FILL_IN_SELECTOR, android.content.Intent.FILL_IN_CLIP_DATA}" />
    </annotation>
  </item>
  <item name="android.app.PendingIntent android.app.PendingIntent getBroadcast(android.content.Context, int, android.content.Intent, int) 3">
    <annotation name="androidx.annotation.IntDef">
      <val name="flag" val="true" />
      <val name="value" val="{android.app.PendingIntent.FLAG_ONE_SHOT, android.app.PendingIntent.FLAG_NO_CREATE, android.app.PendingIntent.FLAG_CANCEL_CURRENT, android.app.PendingIntent.FLAG_UPDATE_CURRENT, android.app.PendingIntent.FLAG_IMMUTABLE, android.content.Intent.FILL_IN_ACTION, android.content.Intent.FILL_IN_DATA, android.content.Intent.FILL_IN_CATEGORIES, android.content.Intent.FILL_IN_COMPONENT, android.content.Intent.FILL_IN_PACKAGE, android.content.Intent.FILL_IN_SOURCE_BOUNDS, android.content.Intent.FILL_IN_SELECTOR, android.content.Intent.FILL_IN_CLIP_DATA}" />
    </annotation>
  </item>
  <item name="android.app.PendingIntent android.app.PendingIntent getForegroundService(android.content.Context, int, android.content.Intent, int) 3">
    <annotation name="androidx.annotation.IntDef">
      <val name="flag" val="true" />
      <val name="value" val="{android.app.PendingIntent.FLAG_ONE_SHOT, android.app.PendingIntent.FLAG_NO_CREATE, android.app.PendingIntent.FLAG_CANCEL_CURRENT, android.app.PendingIntent.FLAG_UPDATE_CURRENT, android.app.PendingIntent.FLAG_IMMUTABLE, android.content.Intent.FILL_IN_ACTION, android.content.Intent.FILL_IN_DATA, android.content.Intent.FILL_IN_CATEGORIES, android.content.Intent.FILL_IN_COMPONENT, android.content.Intent.FILL_IN_PACKAGE, android.content.Intent.FILL_IN_SOURCE_BOUNDS, android.content.Intent.FILL_IN_SELECTOR, android.content.Intent.FILL_IN_CLIP_DATA}" />
    </annotation>
  </item>
  <item name="android.app.PendingIntent android.app.PendingIntent getService(android.content.Context, int, android.content.Intent, int) 3">
    <annotation name="androidx.annotation.IntDef">
      <val name="flag" val="true" />
      <val name="value" val="{android.app.PendingIntent.FLAG_ONE_SHOT, android.app.PendingIntent.FLAG_NO_CREATE, android.app.PendingIntent.FLAG_CANCEL_CURRENT, android.app.PendingIntent.FLAG_UPDATE_CURRENT, android.app.PendingIntent.FLAG_IMMUTABLE, android.content.Intent.FILL_IN_ACTION, android.content.Intent.FILL_IN_DATA, android.content.Intent.FILL_IN_CATEGORIES, android.content.Intent.FILL_IN_COMPONENT, android.content.Intent.FILL_IN_PACKAGE, android.content.Intent.FILL_IN_SOURCE_BOUNDS, android.content.Intent.FILL_IN_SELECTOR, android.content.Intent.FILL_IN_CLIP_DATA}" />
    </annotation>
  </item>
  <item name="android.app.Person void writeToParcel(android.os.Parcel, int) 1">
    <annotation name="androidx.annotation.IntDef">
      <val name="flag" val="true" />
      <val name="value" val="{android.os.Parcelable.PARCELABLE_WRITE_RETURN_VALUE}" />
    </annotation>
  </item>
  <item name="android.app.RemoteInput int getResultsSource(android.content.Intent)">
    <annotation name="androidx.annotation.IntDef">
      <val name="value" val="{android.app.RemoteInput.SOURCE_FREE_FORM_INPUT, android.app.RemoteInput.SOURCE_CHOICE}" />
    </annotation>
  </item>
  <item name="android.app.RemoteInput void setResultsSource(android.content.Intent, int) 1">
    <annotation name="androidx.annotation.IntDef">
      <val name="value" val="{android.app.RemoteInput.SOURCE_FREE_FORM_INPUT, android.app.RemoteInput.SOURCE_CHOICE}" />
    </annotation>
  </item>
  <item name="android.app.SearchableInfo int getVoiceLanguageId()">
    <annotation name="androidx.annotation.StringRes"/>
  </item>
  <item name="android.app.SearchableInfo int getVoiceLanguageModeId()">
    <annotation name="androidx.annotation.StringRes"/>
  </item>
  <item name="android.app.SearchableInfo int getVoicePromptTextId()">
    <annotation name="androidx.annotation.StringRes"/>
  </item>
  <item name="android.app.Service int onStartCommand(android.content.Intent, int, int)">
    <annotation name="androidx.annotation.IntDef">
      <val name="flag" val="false" />
      <val name="value" val="{android.app.Service.START_STICKY_COMPATIBILITY, android.app.Service.START_STICKY, android.app.Service.START_NOT_STICKY, android.app.Service.START_REDELIVER_INTENT}" />
    </annotation>
  </item>
  <item name="android.app.Service int onStartCommand(android.content.Intent, int, int) 1">
    <annotation name="androidx.annotation.IntDef">
      <val name="flag" val="true" />
      <val name="value" val="{android.app.Service.START_FLAG_REDELIVERY, android.app.Service.START_FLAG_RETRY}" />
    </annotation>
  </item>
  <item name="android.app.Service void stopForeground(int) 0">
    <annotation name="androidx.annotation.IntDef">
      <val name="flag" val="true" />
      <val name="value" val="{android.app.Service.STOP_FOREGROUND_REMOVE, android.app.Service.STOP_FOREGROUND_DETACH}" />
    </annotation>
  </item>
  <item name="android.app.TaskStackBuilder android.app.PendingIntent getPendingIntent(int, int) 1">
    <annotation name="androidx.annotation.IntDef">
      <val name="flag" val="true" />
      <val name="value" val="{android.app.PendingIntent.FLAG_ONE_SHOT, android.app.PendingIntent.FLAG_NO_CREATE, android.app.PendingIntent.FLAG_CANCEL_CURRENT, android.app.PendingIntent.FLAG_UPDATE_CURRENT, android.app.PendingIntent.FLAG_IMMUTABLE, android.content.Intent.FILL_IN_ACTION, android.content.Intent.FILL_IN_DATA, android.content.Intent.FILL_IN_CATEGORIES, android.content.Intent.FILL_IN_COMPONENT, android.content.Intent.FILL_IN_PACKAGE, android.content.Intent.FILL_IN_SOURCE_BOUNDS, android.content.Intent.FILL_IN_SELECTOR, android.content.Intent.FILL_IN_CLIP_DATA}" />
    </annotation>
  </item>
  <item name="android.app.TaskStackBuilder android.app.PendingIntent getPendingIntent(int, int, android.os.Bundle) 1">
    <annotation name="androidx.annotation.IntDef">
      <val name="flag" val="true" />
      <val name="value" val="{android.app.PendingIntent.FLAG_ONE_SHOT, android.app.PendingIntent.FLAG_NO_CREATE, android.app.PendingIntent.FLAG_CANCEL_CURRENT, android.app.PendingIntent.FLAG_UPDATE_CURRENT, android.app.PendingIntent.FLAG_IMMUTABLE, android.content.Intent.FILL_IN_ACTION, android.content.Intent.FILL_IN_DATA, android.content.Intent.FILL_IN_CATEGORIES, android.content.Intent.FILL_IN_COMPONENT, android.content.Intent.FILL_IN_PACKAGE, android.content.Intent.FILL_IN_SOURCE_BOUNDS, android.content.Intent.FILL_IN_SELECTOR, android.content.Intent.FILL_IN_CLIP_DATA}" />
    </annotation>
  </item>
  <item name="android.app.UiModeManager int getNightMode()">
    <annotation name="androidx.annotation.IntDef">
      <val name="value" val="{android.app.UiModeManager.MODE_NIGHT_AUTO, android.app.UiModeManager.MODE_NIGHT_NO, android.app.UiModeManager.MODE_NIGHT_YES}" />
    </annotation>
  </item>
  <item name="android.app.UiModeManager void setNightMode(int) 0">
    <annotation name="androidx.annotation.IntDef">
      <val name="value" val="{android.app.UiModeManager.MODE_NIGHT_AUTO, android.app.UiModeManager.MODE_NIGHT_NO, android.app.UiModeManager.MODE_NIGHT_YES}" />
    </annotation>
  </item>
  <item name="android.app.WallpaperManager android.graphics.drawable.Drawable getBuiltInDrawable(int) 0">
    <annotation name="androidx.annotation.IntDef">
      <val name="flag" val="true" />
      <val name="value" val="{android.app.WallpaperManager.FLAG_SYSTEM, android.app.WallpaperManager.FLAG_LOCK}" />
    </annotation>
  </item>
  <item name="android.app.WallpaperManager android.graphics.drawable.Drawable getBuiltInDrawable(int, int, boolean, float, float, int) 5">
    <annotation name="androidx.annotation.IntDef">
      <val name="flag" val="true" />
      <val name="value" val="{android.app.WallpaperManager.FLAG_SYSTEM, android.app.WallpaperManager.FLAG_LOCK}" />
    </annotation>
  </item>
  <item name="android.app.WallpaperManager android.graphics.drawable.Drawable getFastDrawable()">
    <annotation name="androidx.annotation.RequiresPermission">
      <val name="value" val="&quot;android.permission.READ_EXTERNAL_STORAGE&quot;" />
    </annotation>
  </item>
  <item name="android.app.WallpaperManager android.graphics.drawable.Drawable peekFastDrawable()">
    <annotation name="androidx.annotation.RequiresPermission">
      <val name="value" val="&quot;android.permission.READ_EXTERNAL_STORAGE&quot;" />
    </annotation>
  </item>
  <item name="android.app.WallpaperManager android.os.ParcelFileDescriptor getWallpaperFile(int)">
    <annotation name="androidx.annotation.RequiresPermission">
      <val name="value" val="&quot;android.permission.READ_EXTERNAL_STORAGE&quot;" />
    </annotation>
  </item>
  <item name="android.app.WallpaperManager android.os.ParcelFileDescriptor getWallpaperFile(int) 0">
    <annotation name="androidx.annotation.IntDef">
      <val name="flag" val="true" />
      <val name="value" val="{android.app.WallpaperManager.FLAG_SYSTEM, android.app.WallpaperManager.FLAG_LOCK}" />
    </annotation>
  </item>
  <item name="android.app.WallpaperManager boolean hasResourceWallpaper(int) 0">
    <annotation name="androidx.annotation.RawRes"/>
  </item>
  <item name="android.app.WallpaperManager int getWallpaperId(int) 0">
    <annotation name="androidx.annotation.IntDef">
      <val name="flag" val="true" />
      <val name="value" val="{android.app.WallpaperManager.FLAG_SYSTEM, android.app.WallpaperManager.FLAG_LOCK}" />
    </annotation>
  </item>
  <item name="android.app.WallpaperManager int setBitmap(android.graphics.Bitmap, android.graphics.Rect, boolean)">
    <annotation name="androidx.annotation.RequiresPermission">
      <val name="value" val="&quot;android.permission.SET_WALLPAPER&quot;" />
    </annotation>
  </item>
  <item name="android.app.WallpaperManager int setBitmap(android.graphics.Bitmap, android.graphics.Rect, boolean, int)">
    <annotation name="androidx.annotation.RequiresPermission">
      <val name="value" val="&quot;android.permission.SET_WALLPAPER&quot;" />
    </annotation>
  </item>
  <item name="android.app.WallpaperManager int setBitmap(android.graphics.Bitmap, android.graphics.Rect, boolean, int) 3">
    <annotation name="androidx.annotation.IntDef">
      <val name="flag" val="true" />
      <val name="value" val="{android.app.WallpaperManager.FLAG_SYSTEM, android.app.WallpaperManager.FLAG_LOCK}" />
    </annotation>
  </item>
  <item name="android.app.WallpaperManager int setResource(int, int)">
    <annotation name="androidx.annotation.RequiresPermission">
      <val name="value" val="&quot;android.permission.SET_WALLPAPER&quot;" />
    </annotation>
  </item>
  <item name="android.app.WallpaperManager int setResource(int, int) 0">
    <annotation name="androidx.annotation.RawRes"/>
  </item>
  <item name="android.app.WallpaperManager int setResource(int, int) 1">
    <annotation name="androidx.annotation.IntDef">
      <val name="flag" val="true" />
      <val name="value" val="{android.app.WallpaperManager.FLAG_SYSTEM, android.app.WallpaperManager.FLAG_LOCK}" />
    </annotation>
  </item>
  <item name="android.app.WallpaperManager int setStream(java.io.InputStream, android.graphics.Rect, boolean)">
    <annotation name="androidx.annotation.RequiresPermission">
      <val name="value" val="&quot;android.permission.SET_WALLPAPER&quot;" />
    </annotation>
  </item>
  <item name="android.app.WallpaperManager int setStream(java.io.InputStream, android.graphics.Rect, boolean, int)">
    <annotation name="androidx.annotation.RequiresPermission">
      <val name="value" val="&quot;android.permission.SET_WALLPAPER&quot;" />
    </annotation>
  </item>
  <item name="android.app.WallpaperManager int setStream(java.io.InputStream, android.graphics.Rect, boolean, int) 3">
    <annotation name="androidx.annotation.IntDef">
      <val name="flag" val="true" />
      <val name="value" val="{android.app.WallpaperManager.FLAG_SYSTEM, android.app.WallpaperManager.FLAG_LOCK}" />
    </annotation>
  </item>
  <item name="android.app.WallpaperManager void clear()">
    <annotation name="androidx.annotation.RequiresPermission">
      <val name="value" val="&quot;android.permission.SET_WALLPAPER&quot;" />
    </annotation>
  </item>
  <item name="android.app.WallpaperManager void clear(int)">
    <annotation name="androidx.annotation.RequiresPermission">
      <val name="value" val="&quot;android.permission.SET_WALLPAPER&quot;" />
    </annotation>
  </item>
  <item name="android.app.WallpaperManager void clear(int) 0">
    <annotation name="androidx.annotation.IntDef">
      <val name="flag" val="true" />
      <val name="value" val="{android.app.WallpaperManager.FLAG_SYSTEM, android.app.WallpaperManager.FLAG_LOCK}" />
    </annotation>
  </item>
  <item name="android.app.WallpaperManager void clearWallpaper()">
    <annotation name="androidx.annotation.RequiresPermission">
      <val name="value" val="&quot;android.permission.SET_WALLPAPER&quot;" />
    </annotation>
  </item>
  <item name="android.app.WallpaperManager void setBitmap(android.graphics.Bitmap)">
    <annotation name="androidx.annotation.RequiresPermission">
      <val name="value" val="&quot;android.permission.SET_WALLPAPER&quot;" />
    </annotation>
  </item>
  <item name="android.app.WallpaperManager void setDisplayPadding(android.graphics.Rect)">
    <annotation name="androidx.annotation.RequiresPermission">
      <val name="value" val="&quot;android.permission.SET_WALLPAPER_HINTS&quot;" />
    </annotation>
  </item>
  <item name="android.app.WallpaperManager void setResource(int)">
    <annotation name="androidx.annotation.RequiresPermission">
      <val name="value" val="&quot;android.permission.SET_WALLPAPER&quot;" />
    </annotation>
  </item>
  <item name="android.app.WallpaperManager void setResource(int) 0">
    <annotation name="androidx.annotation.RawRes"/>
  </item>
  <item name="android.app.WallpaperManager void setStream(java.io.InputStream)">
    <annotation name="androidx.annotation.RequiresPermission">
      <val name="value" val="&quot;android.permission.SET_WALLPAPER&quot;" />
    </annotation>
  </item>
</root>

